<?xml version="1.0" encoding="UTF-8"?>
<project-private xmlns="http://www.netbeans.org/ns/project-private/1">
    <editor-bookmarks xmlns="http://www.netbeans.org/ns/editor-bookmarks/2" lastBookmarkId="0"/>
    <open-files xmlns="http://www.netbeans.org/ns/projectui-open-files/2">
        <group>
            <file>file:/C:/Users/PIYUSH/Documents/NetBeansProjects/Covid_Project/src/govt_1.java</file>
            <file>file:/C:/Users/PIYUSH/Documents/NetBeansProjects/Covid_Project/src/covid_project/Covid_Project.java</file>
            <file>file:/C:/Users/PIYUSH/Documents/NetBeansProjects/Covid_Project/src/hosp_122.java</file>
            <file>file:/C:/Users/PIYUSH/Documents/NetBeansProjects/Covid_Project/src/hosp_142.java</file>
            <file>file:/C:/Users/PIYUSH/Documents/NetBeansProjects/Covid_Project/src/patientdetals.png</file>
            <file>file:/C:/Users/PIYUSH/Documents/NetBeansProjects/Covid_Project/src/hosp_15.java</file>
            <file>file:/C:/Users/PIYUSH/Documents/NetBeansProjects/Covid_Project/src/hosp_113.java</file>
            <file>file:/C:/Users/PIYUSH/Documents/NetBeansProjects/Covid_Project/src/hosp_12.java</file>
            <file>file:/C:/Users/PIYUSH/Documents/NetBeansProjects/Covid_Project/src/doctor%20(4).png</file>
            <file>file:/C:/Users/PIYUSH/Documents/NetBeansProjects/Covid_Project/src/Project/myConnection.java</file>
            <file>file:/C:/Users/PIYUSH/Documents/NetBeansProjects/Covid_Project/src/hosp_13.java</file>
            <file>file:/C:/Users/PIYUSH/Documents/NetBeansProjects/Covid_Project/src/hosp_121.java</file>
            <file>file:/C:/Users/PIYUSH/Documents/NetBeansProjects/Covid_Project/src/BEDDETAILS.png</file>
            <file>file:/C:/Users/PIYUSH/Documents/NetBeansProjects/Covid_Project/src/hospregister.java</file>
            <file>file:/C:/Users/PIYUSH/Documents/NetBeansProjects/Covid_Project/src/govt_verify.java</file>
            <file>file:/C:/Users/PIYUSH/Documents/NetBeansProjects/Covid_Project/src/hosp_14.java</file>
            <file>file:/C:/Users/PIYUSH/Documents/NetBeansProjects/Covid_Project/src/user_1.java</file>
            <file>file:/C:/Users/PIYUSH/Documents/NetBeansProjects/Covid_Project/src/hosp_112.java</file>
            <file>file:/C:/Users/PIYUSH/Documents/NetBeansProjects/Covid_Project/src/First.java</file>
            <file>file:/C:/Users/PIYUSH/Documents/NetBeansProjects/Covid_Project/src/hosps.java</file>
            <file>file:/C:/Users/PIYUSH/Documents/NetBeansProjects/Covid_Project/src/users.java</file>
            <file>file:/C:/Users/PIYUSH/Documents/NetBeansProjects/Covid_Project/src/hosp_1.java</file>
            <file>file:/C:/Users/PIYUSH/Documents/NetBeansProjects/Covid_Project/src/hosp_141.java</file>
            <file>file:/C:/Users/PIYUSH/Documents/NetBeansProjects/Covid_Project/src/govt.java</file>
            <file>file:/C:/Users/PIYUSH/Documents/NetBeansProjects/Covid_Project/src/diag.java</file>
            <file>file:/C:/Users/PIYUSH/Documents/NetBeansProjects/Covid_Project/src/add%20new%20patient%20background.jpg</file>
            <file>file:/C:/Users/PIYUSH/Documents/NetBeansProjects/Covid_Project/src/hosp_111.java</file>
            <file>file:/C:/Users/PIYUSH/Documents/NetBeansProjects/Covid_Project/src/hosp_11.java</file>
            <file>file:/C:/Users/PIYUSH/Documents/NetBeansProjects/Covid_Project/src/govt_11.java</file>
        </group>
    </open-files>
</project-private>
